Furthermore, we show that the HIV-DNA levels (reflecting the @DISEASE$ reservoir) are associated with the same four SNPs, but also with two additional SNPs on chromosome 17 (@GENE$; intergenic region flanked by the DDX40 and YPEL2 genes) and chromosome 8 (rs2575735; within the Syndecan 2 gene).	0
@GENE$ genetic variations and susceptibility to @DISEASE$ in a Chinese population.	1
Lysophosphatidic acid facilitates proliferation of @DISEASE$ cells via induction of @GENE$.	0
In case-control samples, two SNPs (@GENE$ and rs677221) showed significant genotypic and allelic association with schizophrenia (all p < .05) with rs677221-C being the risk allele for @DISEASE$ (uncorrected p = .001, odds ratio = 1.439, 95% confidence interval = 1.115-1.858).	1
In the haplotype-transmission disequilibrium test (TDT) for allelic combination of rs1937970-rs677221, significant under-transmission for @GENE$ (uncorrected p = .006) and over-transmission for haplotype GC (uncorrected p = .004) to the affected @DISEASE$ offspring were observed.	1
Allelic and non-allelic heterogeneities in @DISEASE$ revealed by @GENE$ mutational analysis.	1
@GENE$ interacts directly with the malate shuttle system, which has been shown to be altered in @DISEASE$ and bipolar disorder, and has roles in neuronal synthesis of glutamate and gamma-amino butyric acid.	1
IL-1, IL-1R and @GENE$ in Iranian patients with @DISEASE$.	1
In this study, the @GENE$ polymorphism observed in the MDR1 gene was not found to be a risk factor for Crohn's disease or @DISEASE$.	1
For men, G allele frequency of @GENE$ and frequency of the T-C-G haplotype were significantly higher, and frequency of the T-C-A haplotype was significantly lower for @DISEASE$ patients than for controls (P=0.006, P=0.001 and P=0.002, respectively).	1
No association of @GENE$ or XPD Lys751Gln and @DISEASE$ was found.	1
We genotyped the four single-nucleotide polymorphisms (@GENE$, rs3118470, ss52580101, and rs11594656) of the IL2RA in 885 patients with @DISEASE$ and 606 control subjects of Japanese origin.	0
The present study suggests that genetic variation in or near the @GENE$ gene is associated with both psychotic and @DISEASE$, including schizophrenia and bipolar disorder.	1
Further research is needed to determine the potential of @GENE$ as a therapeutic target in @DISEASE$.	1
On multivariate analysis the @GENE$ (OR 8.205, 95% CI 1.616-41.667, p = 0.011) and smaller number of treatment cycles (OR 0.156, 95% CI 0.037-0.659, p = 0.011) were independent factors for @DISEASE$ (grade 3 or greater) throughout the period of chemotherapy.	1
In contrast, enhanced @GENE$ expression is consistently associated with @DISEASE$.	1
An anti-inflammatory and anticarcinogenic potential has been inferred from the development of colitis and @DISEASE$ in @GENE$ and GPx2 double knockout mice.	1
Recently an association was shown between the single nucleotide polymorphism (SNP), rs11209026, within the interleukin-23 receptor (@GENE$) locus and Crohn's disease (@DISEASE$) as a consequence of a genome-wide association study of this disease in adults.	0
Furthermore, we show that the HIV-DNA levels (reflecting the @DISEASE$ reservoir) are associated with the same four SNPs, but also with two additional SNPs on chromosome 17 (rs6503919; intergenic region flanked by the DDX40 and YPEL2 genes) and chromosome 8 (rs2575735; within the @GENE$ gene).	1
The commonly deleted region of the @DISEASE$ extends between the genes SH3TC2 (proximal boundary) and @GENE$ (distal boundary) and measures 2.9 Mb.	1
The @GENE$ variants was found to be irrelevant for @DISEASE$.	1
Two hundred and twenty-three incident @DISEASE$ cases and 229 controls recruited from Saudi Arabian population were analyzed for 21 loci in 8 selected DNA repair genes by PCR-restriction fragment length polymorphism including non-homologous end joining pathway genes LIGIV (LIGlV ASP62HIS, @GENE$, TRP46TER), XRCC4 Splice 33243301G>A and XRCC7 ILE3434THR; homologous recombination pathway genes XRCC3 ARG94HIS and THR241MET, RAD51 UTR 15452658T>C, 15455419A>G, RAD52 2259 and GLN221GLU, conserved DNA damage response gene Tp53 PRO47SER, PRO72ARG, Tp53 UTR 7178189A>C and base excision repair gene XRCC1 ARG194TRP, ARG280HIS, ARG399GLN, ARG559GLN.	0
@DISEASE$ patients have impaired GM-CSF secretion via NOD2-dependent and -independent pathways and display an impaired @GENE$-dependent down-regulation of TNF-alpha secretion.	1
However, the majority of @DISEASE$ cells have deregulation of the @GENE$/beta-catenin pathway.	0
@GENE$ interacts directly with the malate shuttle system, which has been shown to be altered in schizophrenia and @DISEASE$, and has roles in neuronal synthesis of glutamate and gamma-amino butyric acid.	1
We failed to provide evidence of an association between @GENE$ and NOS1AP rs7538490 and @DISEASE$, overweight, obesity or related quantitative metabolic phenotypes in large-scale studies of Danes.	1
Genetic, epidemiological and biological analysis of interleukin-10 promoter single-nucleotide polymorphisms suggests a definitive role for @GENE$ in @DISEASE$ susceptibility.	1
An anti-inflammatory and anticarcinogenic potential has been inferred from the development of @DISEASE$ and intestinal cancer in GPx1 and @GENE$ double knockout mice.	1
@DISEASE$ is associated with decreased expression of mucosal @GENE$.	1
In summary, we observed associations between @GENE$ gene and @DISEASE$ risk, and a comprehensive analysis using clinical and tumour characteristics as outcome variables has revealed potential associations with MM.	1
We used a candidate gene approach to identify a set of SNPs, located in a predicted regulatory region on chromosome 1q44 downstream of NLRP3 (previously known as CIAS1 and @GENE$) that are associated with @DISEASE$.	1
Interestingly, the diplotype @GENE$ also conferred an increased risk of @DISEASE$ (OR 1.76, 95% CI 1.22-2.54, P=0.003).	1
@GENE$-induced granulocyte-macrophage colony-stimulating factor secretion is impaired in @DISEASE$ by nucleotide oligomerization domain 2-dependent and -independent pathways.	1
This study is the first to confirm the association between @GENE$ and @DISEASE$.	1
Hypomorphic @GENE$/NPHP6 mutations result in @DISEASE$ caused by the selective loss of G proteins in cilia of olfactory sensory neurons.	0
Recently an association was shown between the single nucleotide polymorphism (SNP), @GENE$, within the interleukin-23 receptor (IL23R) locus and Crohn's disease (@DISEASE$) as a consequence of a genome-wide association study of this disease in adults.	1
The haplotypes constructed from the three SNPs (@GENE$, rs3826047 and rs3743500, in order) in the 5'-upstream of NPTN showed a significant association with schizophrenia (permutation P=0.036), in that T-G-T (permutation P=0.028) and del-G-G (permutation P=0.040) were under-represented and over-represented, respectively, in @DISEASE$.	1
A total of 180 patients with @DISEASE$ were categorized as high IL-1RA producers if they were carriers of at least one of the rs4251961 T/T or @GENE$ genotypes (T/T carriers).	0
Compared to the most common @GENE$ haplotype CCAG, the haplotype TTGC conferred an increased risk of @DISEASE$ (OR 1.26, 95% CI 1.04-1.52).	0
In summary, we observed associations between @GENE$ gene and BC risk, and a comprehensive analysis using clinical and tumour characteristics as outcome variables has revealed potential associations with @DISEASE$.	1
Genetic, epidemiological and biological analysis of @GENE$ suggests a definitive role for -819C/T in @DISEASE$ susceptibility.	1
The C-allele of PKLR rs3020781 and the T-allele of @GENE$ rs7538490 are reported to strongly associate with @DISEASE$ in various European-descent populations comprising a total of 2,198 individuals with a combined odds ratio (OR) of 1.33 [1.16-1.54] and 1.53 [1.28-1.81], respectively.	1
Moreover, protective alleles for four disease-associated SNPs in the MHC locus (rs2395029, rs13199524, rs12198173 and @GENE$) were strikingly over-represented among forty-five Long Term @DISEASE$ controllers.	0
@GENE$ (Abeta) levels are elevated in the brain of @DISEASE$ patients.	1
From the Cover: Whole-genome association study identifies @GENE$ as a @DISEASE$ susceptibility gene.	1
Of the 21 loci screened, RAD52 2259 and @GENE$ may be of importance to disease process and may be associated with @DISEASE$ risk in Saudi Arabian population.	1
@GENE$ genotypes CG and variants carrying G allele showed statistical significance and very high risk of developing @DISEASE$ compared to wild type [CG vs CC; p<0.001, odds ratio (OR)=15.57, 95% confidence interval (CI)=6.56-36.98, CG+GG vs CC; p<0.001, OR=17.58, 95% CI=7.44-41.58].	1
Lack of association between PKLR rs3020781 and @GENE$ and type 2 diabetes, overweight, @DISEASE$ and related metabolic phenotypes in a Danish large-scale study: case-control studies and analyses of quantitative traits.	0
An association with the minor allele A of the non-synonymous SNP @GENE$ (rs10735810, FokI, Met1Thr) was observed for @DISEASE$, with an estimated odds ratio (OR) of 1.26 (95% CI = 1.02-1.57; p = 0.036).	0
Similarly, @GENE$ (AA) reduced the risk of cervical or @DISEASE$.	1
Recently an association was shown between the single nucleotide polymorphism (SNP), rs11209026, within the interleukin-23 receptor (@GENE$) locus and @DISEASE$ (CD) as a consequence of a genome-wide association study of this disease in adults.	1
@GENE$ (HbF) level modifies the clinical severity of @DISEASE$.	1
Lack of association between @GENE$ and NOS1AP rs7538490 and @DISEASE$, overweight, obesity and related metabolic phenotypes in a Danish large-scale study: case-control studies and analyses of quantitative traits.	1
To study the (functional) relevance of single nucleotide polymorphisms (SNPs) in genes encoding matrix metalloproteinases (MMP)-1, -2, -3, -9, tissue inhibitors of metalloproteinases (TIMP)-1, -2 and @GENE$ (TNF)-alpha in the etiopathogenesis of @DISEASE$ (IBD), that may enhance susceptibility and/or disease severity.	1
Multiple studies have now established the contribution of the interleukin 23 receptor gene (IL23R) to Crohn's disease (@DISEASE$) risk in general and of the @GENE$ variant in particular.	1
Association of variants of the @GENE$ gene with susceptibility to @DISEASE$.	1
@GENE$ gene expression in @DISEASE$ cells significantly surpassed that in normal pancreatic cells.	1
To study the (functional) relevance of single nucleotide polymorphisms (SNPs) in genes encoding matrix metalloproteinases (MMP)-1, -2, -3, -9, tissue inhibitors of metalloproteinases (TIMP)-1, -2 and @GENE$ (TNF)-alpha in the etiopathogenesis of inflammatory bowel diseases (@DISEASE$), that may enhance susceptibility and/or disease severity.	0
The association of @GENE$ with @DISEASE$ was replicated in all the sets except Spain.	1
In the case-control association analysis, the g.-247C/T polymorphism at the promoter region (rs10399805; P = 0.0062) and the IVS7+82C/T polymorphism at intron 7 (rs2275353; P = 0.0056) of @GENE$ showed a significant association with @DISEASE$.	1
To summarise, we detected an increased HCC risk in rs4646421 variant carriers (OR 1.30, 95% CI 1.05-1.61) and @GENE$ variant carriers (OR 1.33, 95% CI 1.05-1.69), and a reduced risk of @DISEASE$ (OR 0.70. 95% CI 0.52-0.94) associated with homozygote carriers of rs4886605 variant.	1
Women carrying homozygous Asp1104Asp genotypes had a significantly decreased risk of cervical or @DISEASE$ compared to @GENE$ or His1104His genotypes.	0
Here, we combined a case-control study (374 patients and 380 controls), with meta-analysis (5 studies; 2702 individuals) and biological study to test the epidemiological and physiological relevance of the interleukin-10 (@GENE$) genetic markers in @DISEASE$.	1
When stratified by @GENE$ polymorphism, alcohol-related increases in @DISEASE$ risk were restricted to individuals with the AG/GG genotypes, with a more than 2-fold risk among daily drinkers (OR=2.63, 95% CI=1.00-6.88) and 3-fold risk (OR=3.66, 95% CI=1.19-11.24) among those with 40 or more drink-years.	1
A common SNP upstream of the INSIG2 gene, @GENE$ (g.-10,1025G>C, Chr2:118,552,255, NT_022135.15), was reported to be associated with @DISEASE$ (Body Mass Index, [BMI]) in a genome-wide association scan using the Framingham Heart Study but has not been reproduced in other cohorts.	0
Our previous study demonstrated that expression of @GENE$ mRNA was decreased in the hippocampi of autopsied brains of Alzheimer's disease (AD) patients, indicating the association of HCNP with the pathogenesis of @DISEASE$.	1
To summarise, we detected an increased HCC risk in rs4646421 variant carriers (OR 1.30, 95% CI 1.05-1.61) and rs2198843 variant carriers (OR 1.33, 95% CI 1.05-1.69), and a reduced risk of @DISEASE$ (OR 0.70. 95% CI 0.52-0.94) associated with homozygote carriers of @GENE$ variant.	1
@GENE$ constructed by the two SNPs was also significantly associated with @DISEASE$ (permutation p value = .0047).	1
Compared with the epsilon3 homozygotes, neither the @GENE$ nor the epsilon4 carrier status was associated with @DISEASE$ (adjusted prevalence ratios = 0.94, 95%CI = 0.83-1.07 and 0.98, 0.89-1.07, respectively).	1
The K121Q polymorphism in the ectonucleotide pyrophosphatase/phosphodiesterase (@GENE$ gene and the rs7566605 genotype located near insulin-induced gene 2 have been shown to be associated with insulin resistance and @DISEASE$.	0
Two hundred and twenty-three incident @DISEASE$ cases and 229 controls recruited from Saudi Arabian population were analyzed for 21 loci in 8 selected DNA repair genes by PCR-restriction fragment length polymorphism including non-homologous end joining pathway genes LIGIV (LIGlV ASP62HIS, PRO231SER, TRP46TER), XRCC4 Splice 33243301G>A and XRCC7 ILE3434THR; homologous recombination pathway genes XRCC3 ARG94HIS and THR241MET, RAD51 UTR 15452658T>C, @GENE$, RAD52 2259 and GLN221GLU, conserved DNA damage response gene Tp53 PRO47SER, PRO72ARG, Tp53 UTR 7178189A>C and base excision repair gene XRCC1 ARG194TRP, ARG280HIS, ARG399GLN, ARG559GLN.	0
Moreover, protective alleles for four disease-associated SNPs in the @GENE$ locus (rs2395029, rs13199524, rs12198173 and rs3093662) were strikingly over-represented among forty-five Long Term @DISEASE$ controllers.	0
Single nucleotide polymorphisms (SNPs) in the intracellular pattern recognition receptor nucleotide-binding oligomerization domain-containing protein (@GENE$, nucleotide oligomerization domain 2) are associated with Crohn's disease (@DISEASE$).	1
Genetic variation in the promoter region of @GENE$ is associated with @DISEASE$.	1
The K121Q variant of @GENE$ may be associated with @DISEASE$ viremia and core antigen levels in HCV carriers.	1
Additionally, levels of @GENE$ were significantly lower in recalcitrant CRSwNP compared to controls and @DISEASE$.	0
Previous studies of the @DISEASE$ have shown that HLA and @GENE$ genetic variants influence disease progression and early viral load.	1
The present study suggests that genetic variation in or near the @GENE$ gene is associated with both psychotic and manic disorders, including schizophrenia and @DISEASE$.	1
The @GENE$ polymorphism in the ectonucleotide pyrophosphatase/phosphodiesterase (ENPP)-1 gene and the rs7566605 genotype located near insulin-induced gene 2 have been shown to be associated with insulin resistance and @DISEASE$.	1
In the haplotype-transmission disequilibrium test (TDT) for allelic combination of @GENE$, significant under-transmission for haplotype AG (uncorrected p = .006) and over-transmission for haplotype GC (uncorrected p = .004) to the affected @DISEASE$ offspring were observed.	1
STEC strains carrying @GENE$ were more frequently associated with clinical manifestations of hemolytic-uremic syndrome (HUS) or @DISEASE$ than those carrying stx2vha.	1
The OR of the @GENE$ in our pediatric study is highly comparable with that reported previously in a non-Jewish adult @DISEASE$ case-control cohort (OR, 0.26).	1
Genetic alterations within the @GENE$ gene have been shown to have a direct correlation with cancer development and have been shown to occur in nearly 50% of all @DISEASE$.	1
The @GENE$ pathway plays a pivotal role in the development of @DISEASE$ seen in the inflammatory bowel diseases.	1
We sought to evaluate 2 single-nucleotide polymorphisms (SNPs) in the C-reactive protein (CRP) gene promoter region for their effects on @GENE$ levels in @DISEASE$ (CKD) patients before and after a successful kidney transplantation.	1
Single nucleotide polymorphisms (SNPs) in the intracellular pattern recognition receptor nucleotide-binding oligomerization domain-containing protein (NOD2, @GENE$) are associated with @DISEASE$ (CD).	1
These results suggest that combination of HDACi with adenoviral @GENE$ gene therapy may be a new therapeutic approach for the treatment of @DISEASE$ that warrants further investigation.	1
These results strongly suggest that the @GENE$ polymorphism in the CHI3L1 promoter region is associated with the risk of @DISEASE$.	1
To study the (functional) relevance of single nucleotide polymorphisms (SNPs) in genes encoding matrix metalloproteinases (MMP)-1, -2, -3, -9, tissue inhibitors of metalloproteinases (TIMP)-1, -2 and tumor necrosis factor (@GENE$ in the etiopathogenesis of inflammatory bowel diseases (@DISEASE$), that may enhance susceptibility and/or disease severity.	0
Two hundred and twenty-three incident @DISEASE$ cases and 229 controls recruited from Saudi Arabian population were analyzed for 21 loci in 8 selected DNA repair genes by PCR-restriction fragment length polymorphism including non-homologous end joining pathway genes LIGIV (LIGlV ASP62HIS, PRO231SER, TRP46TER), @GENE$ Splice 33243301G>A and XRCC7 ILE3434THR; homologous recombination pathway genes XRCC3 ARG94HIS and THR241MET, RAD51 UTR 15452658T>C, 15455419A>G, RAD52 2259 and GLN221GLU, conserved DNA damage response gene Tp53 PRO47SER, PRO72ARG, Tp53 UTR 7178189A>C and base excision repair gene XRCC1 ARG194TRP, ARG280HIS, ARG399GLN, ARG559GLN.	1
We failed to provide evidence of an association between PKLR rs3020781 and @GENE$ and type 2 diabetes, overweight, @DISEASE$ or related quantitative metabolic phenotypes in large-scale studies of Danes.	0
Additionally, levels of @GENE$ were significantly lower in @DISEASE$ compared to controls and CRSsNP.	1
Vitamin D receptor (@GENE$) genotypes may influence @DISEASE$ risk; however, no epidemiological studies in sporadic breast cancer (BC) or malignant melanoma (MM) have been performed in a southern European population.	1
Our previous study demonstrated that expression of @GENE$ mRNA was decreased in the hippocampi of autopsied brains of @DISEASE$ (AD) patients, indicating the association of HCNP with the pathogenesis of AD.	1
Our previous study demonstrated that expression of HCNPpp mRNA was decreased in the hippocampi of autopsied brains of @DISEASE$ (AD) patients, indicating the association of @GENE$ with the pathogenesis of AD.	1
In the present study, the authors investigated the correlation between the presence of the rs42524 polymorphism in @GENE$ and the occurrence of sporadic @DISEASE$ in Chinese patients.	0
We genotyped the four single-nucleotide polymorphisms (rs706778, rs3118470, @GENE$, and rs11594656) of the IL2RA in 885 patients with @DISEASE$ and 606 control subjects of Japanese origin.	0
Allelic composition at the examined SNPs in genes coding for TIMP-1 and @GENE$ affect @DISEASE$ susceptibility and/or phenotype, i.e., fistulizing disease, stricture pathogenesis and first disease localisation.	1
These results strongly suggest that the g.-247C/T polymorphism in the @GENE$ promoter region is associated with the risk of @DISEASE$.	1
Individual LOXL1 SNPs, rs1048661, @GENE$, and rs2165241, were not associated with @DISEASE$ in the Chinese population.	1
No significant associations were observed for @DISEASE$ (@GENE$: pAF = 0.49, OR = 1.02 [0.96-1.10]; rs7538490: pAF = 0.84, OR = 0.99 [0.93-1.06]).	1
Finally, we tested IL-10 production in peripheral blood mononuclear cells stimulated with @DISEASE$ and found that @GENE$ carriers produced lower levels of IL-10 when compared with non-carriers.	0
We failed to provide evidence of an association between PKLR rs3020781 and @GENE$ and @DISEASE$, overweight, obesity or related quantitative metabolic phenotypes in large-scale studies of Danes.	1
Compared with the epsilon3 homozygotes, neither the epsilon2 nor the @GENE$ carrier status was associated with @DISEASE$ (adjusted prevalence ratios = 0.94, 95%CI = 0.83-1.07 and 0.98, 0.89-1.07, respectively).	1
In a family, we observed @GENE$ associated with @DISEASE$.	1
The @GENE$ in women and T in men at SNP +372 T/C was found to increase CD susceptibility (39% vs 23.8%, P = 0.018 and 67.9% vs 51.6%, P = 0.055, respectively), while women with this genotype were less prone to development of @DISEASE$ during follow-up (41.4% vs 68.3%, P = 0.025).	1
A common SNP upstream of the @GENE$ gene, rs7566605 (g.-10,1025G>C, Chr2:118,552,255, NT_022135.15), was reported to be associated with @DISEASE$ (Body Mass Index, [BMI]) in a genome-wide association scan using the Framingham Heart Study but has not been reproduced in other cohorts.	1
Moreover, protective alleles for four disease-associated SNPs in the MHC locus (rs2395029, rs13199524, @GENE$ and rs3093662) were strikingly over-represented among forty-five Long Term @DISEASE$ controllers.	0
This study assessed associations between the @GENE$ gene and @DISEASE$ (MI), using a haplotype-based case-control study of 234 MI patients and 248 controls genotyped for 5 single-nucleotide polymorphisms (rs3093105, rs3093135, rs1558139, rs2108622, rs3093200).	1
The defect in GM-CSF secretion suggests a hitherto unknown role of NOD2 in the pathogenesis of @DISEASE$ and is consistent with the hypothesis that impaired GM-CSF secretion in part constitutes a @GENE$-dependent disease risk factor.	1
The @GENE$ and the T-allele of NOS1AP rs7538490 are reported to strongly associate with @DISEASE$ in various European-descent populations comprising a total of 2,198 individuals with a combined odds ratio (OR) of 1.33 [1.16-1.54] and 1.53 [1.28-1.81], respectively.	1
@GENE$ provide a large population attributable risk for @DISEASE$.	1
We observed that the @GENE$ allele is associated with @DISEASE$ susceptibility either in the case-control or in the meta-analysis studies.	1
Two hundred and twenty-three incident @DISEASE$ cases and 229 controls recruited from Saudi Arabian population were analyzed for 21 loci in 8 selected DNA repair genes by PCR-restriction fragment length polymorphism including non-homologous end joining pathway genes LIGIV (LIGlV ASP62HIS, PRO231SER, TRP46TER), XRCC4 Splice 33243301G>A and XRCC7 ILE3434THR; homologous recombination pathway genes XRCC3 ARG94HIS and THR241MET, RAD51 UTR 15452658T>C, 15455419A>G, RAD52 2259 and GLN221GLU, conserved DNA damage response gene Tp53 PRO47SER, @GENE$, Tp53 UTR 7178189A>C and base excision repair gene XRCC1 ARG194TRP, ARG280HIS, ARG399GLN, ARG559GLN.	0
The haplotypes constructed from the three SNPs (rs3840846, rs3826047 and @GENE$, in order) in the 5'-upstream of NPTN showed a significant association with schizophrenia (permutation P=0.036), in that T-G-T (permutation P=0.028) and del-G-G (permutation P=0.040) were under-represented and over-represented, respectively, in @DISEASE$.	1
This study examined whether the K121Q polymorphism in ENPP1 or the @GENE$ genotype is associated with the clinical course of @DISEASE$.	1
In this study, the @GENE$ polymorphism observed in the MDR1 gene was not found to be a risk factor for @DISEASE$ or ulcerative colitis.	1
Replication of the TNFSF4 (@GENE$) promoter region association with @DISEASE$.	1
Thus, @GENE$ may prevent undue responses to inflammatory stimuli and, in consequence, inflammation-driven initiation of @DISEASE$.	1
In humans, loss-of-function of the cilia-centrosomal protein @GENE$ is associated with @DISEASE$ and Meckel syndromes, whereas hypomorphic mutations result in Leber congenital amaurosis (LCA), a form of early-onset retinal dystrophy.	1
In humans, loss-of-function of the cilia-centrosomal protein @GENE$ is associated with Joubert and Meckel syndromes, whereas hypomorphic mutations result in @DISEASE$ (LCA), a form of early-onset retinal dystrophy.	0
Although COX-2 is commonly overexpressed in a variety of premalignant and malignant conditions including oral leukoplakia and @DISEASE$, relatively little research has compared the effects of various @GENE$ inhibitors (celecoxib, NS-398, nimesulide and meloxicam).	1
Association between donor @GENE$ and graft survival and the development of @DISEASE$ after lung transplantation.	1
This supports and extends the original finding that there is an association between measures of @DISEASE$ and @GENE$ and further implicates this polymorphism in fat regulation.	1
Our data provide evidence that the @GENE$ controls both HIV replication and @DISEASE$ reservoir.	0
Two hundred and twenty-three incident @DISEASE$ cases and 229 controls recruited from Saudi Arabian population were analyzed for 21 loci in 8 selected DNA repair genes by PCR-restriction fragment length polymorphism including non-homologous end joining pathway genes LIGIV (LIGlV ASP62HIS, PRO231SER, TRP46TER), XRCC4 Splice 33243301G>A and XRCC7 ILE3434THR; homologous recombination pathway genes XRCC3 ARG94HIS and THR241MET, RAD51 UTR 15452658T>C, 15455419A>G, RAD52 2259 and @GENE$, conserved DNA damage response gene Tp53 PRO47SER, PRO72ARG, Tp53 UTR 7178189A>C and base excision repair gene XRCC1 ARG194TRP, ARG280HIS, ARG399GLN, ARG559GLN.	0
Our results show that the @GENE$ polymorphism underlies variation in subcutaneous @DISEASE$ in young adult women and suppresses the positive effects of resistance training on men.	1
In the case-control association analysis, the g.-247C/T polymorphism at the promoter region (rs10399805; P = 0.0062) and the @GENE$ polymorphism at intron 7 (rs2275353; P = 0.0056) of CHI3L1 showed a significant association with @DISEASE$.	1
Male @GENE$ SerSer carriers demonstrate particularly high @DISEASE$, possibly implying a status of increased cardiovascular risk.	1
Two hundred and twenty-three incident @DISEASE$ cases and 229 controls recruited from Saudi Arabian population were analyzed for 21 loci in 8 selected DNA repair genes by PCR-restriction fragment length polymorphism including non-homologous end joining pathway genes LIGIV (LIGlV ASP62HIS, PRO231SER, TRP46TER), XRCC4 Splice 33243301G>A and XRCC7 ILE3434THR; homologous recombination pathway genes XRCC3 ARG94HIS and THR241MET, @GENE$ UTR 15452658T>C, 15455419A>G, RAD52 2259 and GLN221GLU, conserved DNA damage response gene Tp53 PRO47SER, PRO72ARG, Tp53 UTR 7178189A>C and base excision repair gene XRCC1 ARG194TRP, ARG280HIS, ARG399GLN, ARG559GLN.	1
These results suggest that the @GENE$ region is also implicated in the susceptibility of more common inflammatory diseases such as @DISEASE$.	1
@GENE$ (ApoE) polymorphism influences lipid metabolism, but its association with @DISEASE$ is controversial.	1
Taken together, these data suggest that low levels of @GENE$ during the disease outcome can drive patients to a chronic and unprotective response that culminates with @DISEASE$.	1
Identification and replication of three novel @DISEASE$ common susceptibility gene loci on chromosome @GENE$ using linkage and linkage disequilibrium mapping.	1
Single nucleotide polymorphisms (SNPs) in the intracellular pattern recognition receptor nucleotide-binding oligomerization domain-containing protein (NOD2, @GENE$) are associated with Crohn's disease (@DISEASE$).	1
Two hundred and twenty-three incident @DISEASE$ cases and 229 controls recruited from Saudi Arabian population were analyzed for 21 loci in 8 selected DNA repair genes by PCR-restriction fragment length polymorphism including non-homologous end joining pathway genes LIGIV (LIGlV ASP62HIS, PRO231SER, TRP46TER), XRCC4 Splice 33243301G>A and XRCC7 ILE3434THR; homologous recombination pathway genes XRCC3 ARG94HIS and @GENE$, RAD51 UTR 15452658T>C, 15455419A>G, RAD52 2259 and GLN221GLU, conserved DNA damage response gene Tp53 PRO47SER, PRO72ARG, Tp53 UTR 7178189A>C and base excision repair gene XRCC1 ARG194TRP, ARG280HIS, ARG399GLN, ARG559GLN.	0
Two hundred and twenty-three incident @DISEASE$ cases and 229 controls recruited from Saudi Arabian population were analyzed for 21 loci in 8 selected DNA repair genes by PCR-restriction fragment length polymorphism including non-homologous end joining pathway genes @GENE$ (LIGlV ASP62HIS, PRO231SER, TRP46TER), XRCC4 Splice 33243301G>A and XRCC7 ILE3434THR; homologous recombination pathway genes XRCC3 ARG94HIS and THR241MET, RAD51 UTR 15452658T>C, 15455419A>G, RAD52 2259 and GLN221GLU, conserved DNA damage response gene Tp53 PRO47SER, PRO72ARG, Tp53 UTR 7178189A>C and base excision repair gene XRCC1 ARG194TRP, ARG280HIS, ARG399GLN, ARG559GLN.	0
The C-allele of PKLR rs3020781 and the @GENE$ are reported to strongly associate with @DISEASE$ in various European-descent populations comprising a total of 2,198 individuals with a combined odds ratio (OR) of 1.33 [1.16-1.54] and 1.53 [1.28-1.81], respectively.	1
Two hundred and twenty-three incident @DISEASE$ cases and 229 controls recruited from Saudi Arabian population were analyzed for 21 loci in 8 selected DNA repair genes by PCR-restriction fragment length polymorphism including non-homologous end joining pathway genes LIGIV (LIGlV ASP62HIS, PRO231SER, @GENE$), XRCC4 Splice 33243301G>A and XRCC7 ILE3434THR; homologous recombination pathway genes XRCC3 ARG94HIS and THR241MET, RAD51 UTR 15452658T>C, 15455419A>G, RAD52 2259 and GLN221GLU, conserved DNA damage response gene Tp53 PRO47SER, PRO72ARG, Tp53 UTR 7178189A>C and base excision repair gene XRCC1 ARG194TRP, ARG280HIS, ARG399GLN, ARG559GLN.	0
In @DISEASE$ patients, @GENE$-induced GM-CSF secretion was impaired by both NOD2-dependent and -independent mechanisms.	1
Aberrant expression of chitinase 3-like 1 (CHI3L1), also known as YKL-40 or @GENE$, is involved in the pathogenesis of @DISEASE$.	1
Surprisingly, the 602S allele is associated with a decreased incidence of @DISEASE$, suggesting that Mycobacterium leprae subverts the @GENE$ system as a mechanism of immune evasion.	0
This study examined whether the K121Q polymorphism in @GENE$ or the rs7566605 genotype is associated with the clinical course of @DISEASE$.	1
The result supports that the @GENE$ gene is a susceptibility gene for @DISEASE$.	1
Vitamin D receptor (@GENE$) genotypes may influence cancer risk; however, no epidemiological studies in sporadic breast cancer (BC) or malignant melanoma (@DISEASE$) have been performed in a southern European population.	1
Subsequent analysis of individual SNPs in strong linkage disequilibrium with the @GENE$ gene revealed one SNP and one haplotype associated with the phenotype of @DISEASE$ in the CVCR sample.	1
We used a candidate gene approach to identify a set of SNPs, located in a predicted regulatory region on chromosome 1q44 downstream of @GENE$ (previously known as CIAS1 and NALP3) that are associated with @DISEASE$.	1
By using data from our ongoing genome-wide association study in our cohort of 142 pediatric @DISEASE$ patients and 281 matched controls, we investigated the association of the previously reported SNPs at the @GENE$ locus with the childhood form of this disease.	0
As such, @GENE$ gene confer a similar magnitude of risk of @DISEASE$ to children as for their adult counterparts.	1
The @GENE$ SNP could be considered as a genetic marker to predict the clinical course of patients suffering from oropharyngeal and @DISEASE$.	0
Two hundred and twenty-three incident @DISEASE$ cases and 229 controls recruited from Saudi Arabian population were analyzed for 21 loci in 8 selected DNA repair genes by PCR-restriction fragment length polymorphism including non-homologous end joining pathway genes LIGIV (LIGlV ASP62HIS, PRO231SER, TRP46TER), XRCC4 Splice 33243301G>A and XRCC7 ILE3434THR; homologous recombination pathway genes XRCC3 ARG94HIS and THR241MET, RAD51 UTR 15452658T>C, 15455419A>G, RAD52 2259 and GLN221GLU, conserved DNA damage response gene Tp53 PRO47SER, PRO72ARG, Tp53 UTR 7178189A>C and base excision repair gene XRCC1 ARG194TRP, ARG280HIS, ARG399GLN, @GENE$.	0
Role of @GENE$ gene in the development of pancreatic cancer and efficiency of inhibitors of this gene in the treatment of @DISEASE$.	1
Finally, we tested IL-10 production in peripheral blood mononuclear cells stimulated with @DISEASE$ and found that -819T carriers produced lower levels of @GENE$ when compared with non-carriers.	1
The @GENE$ gene at 7q22.1 has been shown to be associated with familial intracranial aneurysms (@DISEASE$) in the Japanese population.	1
Compound heterozygosity for the C677T and @GENE$ gene in a case of @DISEASE$ with recurrent deep thrombosis at young age.	1
Women carrying homozygous @GENE$ genotypes had a significantly decreased risk of cervical or @DISEASE$ compared to His1104Asp or His1104His genotypes.	1
The K121Q polymorphism in the ectonucleotide pyrophosphatase/phosphodiesterase (ENPP)-1 gene and the @GENE$ genotype located near insulin-induced gene 2 have been shown to be associated with insulin resistance and @DISEASE$.	1
Moreover, TNF-alpha production was induced by a TLR-2 ligand, but a down-regulatory function by the @GENE$ ligand, muramyl dipeptide, was impaired significantly in @DISEASE$ patients.	1
The HBS1L-MYB intergenic region on chromosome @GENE$ is a quantitative trait locus controlling fetal haemoglobin level in carriers of @DISEASE$.	0
The TIMP-1 genotype TT in women and T in men at @GENE$ was found to increase CD susceptibility (39% vs 23.8%, P = 0.018 and 67.9% vs 51.6%, P = 0.055, respectively), while women with this genotype were less prone to development of @DISEASE$ during follow-up (41.4% vs 68.3%, P = 0.025).	0
Individual LOXL1 SNPs, rs1048661, rs3825942, and @GENE$, were not associated with @DISEASE$ in the Chinese population.	1
We conclude that stx genotype is one of the important factors of clinical outcome of @DISEASE$ and that pathogenicity for humans was higher in the @GENE$ genotype strains than in the stx2vha genotype strains, as reported previously by other researchers.	1
The rs42524 polymorphism of @GENE$ could be a genetic risk factor for sporadic @DISEASE$ among individuals of Chinese Han ethnicity.	0
In the independent trio samples, rs1937970-A and @GENE$ consistently showed significant under-transmission to @DISEASE$ offspring (unadjusted p = .003 and p = .004, respectively).	1
Additionally, the @GENE$ and the NOS1AP genotypes were demonstrated not to have a major influence on @DISEASE$.	1
@GENE$ is a calcification inhibitor and correlates negatively with increased @DISEASE$ in dialysis patients.	1
Genetic variations in @GENE$ were identified and genotyped in 295 unrelated patients with @DISEASE$ and 180 control subjects.	1
The haplotypes constructed from the three SNPs (rs3840846, rs3826047 and rs3743500, in order) in the 5'-upstream of @GENE$ showed a significant association with schizophrenia (permutation P=0.036), in that T-G-T (permutation P=0.028) and del-G-G (permutation P=0.040) were under-represented and over-represented, respectively, in @DISEASE$.	1
@GENE$ predicts overall survival of @DISEASE$ patients receiving oxaliplatin-based chemotherapy in Chinese population.	1
The @GENE$ increased the chance of stenotic complications in @DISEASE$ during follow-up (91.2% vs 71.8%, P = 0.022) but seemed to protect against colonic involvement of this disease at first endoscopic/radiologic examination (35.3% vs 59.5%, P = 0.017).	1
An anti-inflammatory and anticarcinogenic potential has been inferred from the development of @DISEASE$ and intestinal cancer in @GENE$ and GPx2 double knockout mice.	1
Estrogen-dependent downregulation of @GENE$ gene expression in @DISEASE$ cells is mediated via a 3' distal element.	0
The @GENE$ SNP could be considered as a genetic marker to predict the clinical course of patients suffering from @DISEASE$ and hypopharyngeal cancer.	1
A total of 180 patients with @DISEASE$ were categorized as high IL-1RA producers if they were carriers of at least one of the @GENE$ or rs579543 T/T genotypes (T/T carriers).	0
To study the (functional) relevance of single nucleotide polymorphisms (SNPs) in genes encoding matrix metalloproteinases (MMP)-1, -2, -3, -9, @GENE$ (TIMP)-1, -2 and tumor necrosis factor (TNF)-alpha in the etiopathogenesis of @DISEASE$ (IBD), that may enhance susceptibility and/or disease severity.	0
The interleukin-1 receptor antagonist (@GENE$) cytokine is thought to counteract tumor angiogenesis/@DISEASE$.	1
In the case-control association analysis, the g.-247C/T polymorphism at the promoter region (@GENE$; P = 0.0062) and the IVS7+82C/T polymorphism at intron 7 (rs2275353; P = 0.0056) of CHI3L1 showed a significant association with @DISEASE$.	1
Regulation of hairy and enhancer of split homologue-1 (@GENE$) by estradiol and all-trans retinoic acid affects proliferation of human @DISEASE$ cells.	1
Multiple studies have now established the contribution of the interleukin 23 receptor gene (@GENE$) to @DISEASE$ (CD) risk in general and of the IL23R R381Q variant in particular.	1
A total of 180 patients with @DISEASE$ were categorized as high @GENE$ producers if they were carriers of at least one of the rs4251961 T/T or rs579543 T/T genotypes (T/T carriers).	1
The @GENE$ intergenic region on chromosome 6q23 is a quantitative trait locus controlling fetal haemoglobin level in carriers of @DISEASE$.	0
Overall and relapse-free survival in oropharyngeal and @DISEASE$ are associated with genotypes of @GENE$ gene.	1
In the case-control association analysis, the g.-247C/T polymorphism at the promoter region (rs10399805; P = 0.0062) and the IVS7+82C/T polymorphism at intron 7 (@GENE$; P = 0.0056) of CHI3L1 showed a significant association with @DISEASE$.	1
A recent study demonstrated the association of @GENE$ located in the upstream region with risk for or protection from systemic lupus erythematosus (@DISEASE$).	1
STEC strains carrying @GENE$ were more frequently associated with clinical manifestations of @DISEASE$ (HUS) or bloody diarrhea than those carrying stx2vha.	1
Two hundred and twenty-three incident @DISEASE$ cases and 229 controls recruited from Saudi Arabian population were analyzed for 21 loci in 8 selected DNA repair genes by PCR-restriction fragment length polymorphism including non-homologous end joining pathway genes LIGIV (LIGlV ASP62HIS, PRO231SER, TRP46TER), XRCC4 Splice 33243301G>A and XRCC7 ILE3434THR; homologous recombination pathway genes @GENE$ ARG94HIS and THR241MET, RAD51 UTR 15452658T>C, 15455419A>G, RAD52 2259 and GLN221GLU, conserved DNA damage response gene Tp53 PRO47SER, PRO72ARG, Tp53 UTR 7178189A>C and base excision repair gene XRCC1 ARG194TRP, ARG280HIS, ARG399GLN, ARG559GLN.	1
The present study suggests that genetic variation in or near the @GENE$ gene is associated with both @DISEASE$ and manic disorders, including schizophrenia and bipolar disorder.	1
These observations suggest that IL23R makes a substantial contribution to @DISEASE$ susceptibility, larger than that estimated from the population frequency of the @GENE$ variant.	1
This review discusses the role of @GENE$ from normal function and its dysfunction in pre-cancerous lesions and @DISEASE$.	1
The K121Q polymorphism in the ectonucleotide pyrophosphatase/phosphodiesterase (@GENE$ gene and the rs7566605 genotype located near insulin-induced gene 2 have been shown to be associated with @DISEASE$ and obesity.	0
Moreover, protective alleles for four disease-associated SNPs in the MHC locus (@GENE$, rs13199524, rs12198173 and rs3093662) were strikingly over-represented among forty-five Long Term @DISEASE$ controllers.	0
Much of this data has been correlative, until recently with the development of @GENE$ deficient mice which accumulate high levels of mtDNA mutations and show a @DISEASE$ phenotype, that a more causative role has been proposed.	1
The results of a phase I clinical trial of the topoisomerase I (Topo I) poison CPT-11 followed by the cyclin-dependent kinase inhibitor flavopiridol in patients with advanced @DISEASE$ indicate that patients whose tumors were wild-type, but not mutant, for @GENE$ obtained the most clinical benefit from this combination therapy.	1
Variations in the @GENE$ gene impact on survival of patients with advanced @DISEASE$.	1
Moreover, protective alleles for four disease-associated SNPs in the MHC locus (rs2395029, @GENE$, rs12198173 and rs3093662) were strikingly over-represented among forty-five Long Term @DISEASE$ controllers.	0
Our work supported @GENE$ genetic variants as possible susceptibility factors for @DISEASE$ and fractures in humans.	1
We sought to evaluate 2 single-nucleotide polymorphisms (SNPs) in the C-reactive protein (CRP) gene promoter region for their effects on @GENE$ levels in chronic kidney disease (@DISEASE$) patients before and after a successful kidney transplantation.	1
In contrast, the @GENE$ genotype was not associated with @DISEASE$ viremia or with the HCV core antigen level.	0
In case-control samples, two SNPs (rs1937970 and @GENE$) showed significant genotypic and allelic association with schizophrenia (all p < .05) with rs677221-C being the risk allele for @DISEASE$ (uncorrected p = .001, odds ratio = 1.439, 95% confidence interval = 1.115-1.858).	1
Compound heterozygosity for the @GENE$ and A1298C mutations of the MTHFR gene in a case of @DISEASE$ with recurrent deep thrombosis at young age.	0
The @GENE$ polymorphism in the ectonucleotide pyrophosphatase/phosphodiesterase (ENPP)-1 gene and the rs7566605 genotype located near insulin-induced gene 2 have been shown to be associated with @DISEASE$ and obesity.	1
To clarify the involvement of gene variations in the promoter region of the gene encoding @GENE$ in this mRNA reduction, we analyzed DNA polymorphisms or mutations within this gene promoter region in @DISEASE$ patients by direct sequencing.	0
Our results suggested that common genetic variants in @GENE$ may modulate the risk of developing @DISEASE$ in the study population, particularly in non-smokers.	1
The @GENE$ pathway plays a pivotal role in the development of chronic mucosal inflammation seen in the @DISEASE$.	1
Anti-@GENE$ antibody passage across the blood-brain barrier in the SAMP8 mouse model of @DISEASE$: an age-related selective uptake with reversal of learning impairment.	0
Furthermore, we show that the HIV-DNA levels (reflecting the @DISEASE$ reservoir) are associated with the same four SNPs, but also with two additional SNPs on chromosome 17 (rs6503919; intergenic region flanked by the DDX40 and YPEL2 genes) and chromosome 8 (@GENE$; within the Syndecan 2 gene).	0
Association of a genetic polymorphism in @GENE$ with @DISEASE$ and hepatitis C virus core antigen levels in subjects in a hyperendemic area of Japan.	0
The results obtained in this study suggest that the A1650G polymorphism in the regulatory region of the @GENE$ gene may be associated with protection from HIV-1 @DISEASE$, while the 1604G allele may have a weak association with the clinical course of infection in DU.	0
Multiple studies have now established the contribution of the interleukin 23 receptor gene (IL23R) to @DISEASE$ (CD) risk in general and of the @GENE$ variant in particular.	1
In case-control samples, two SNPs (rs1937970 and rs677221) showed significant genotypic and allelic association with schizophrenia (all p < .05) with @GENE$ being the risk allele for @DISEASE$ (uncorrected p = .001, odds ratio = 1.439, 95% confidence interval = 1.115-1.858).	1
Multiple studies have now established the contribution of the interleukin 23 receptor gene (@GENE$) to Crohn's disease (@DISEASE$) risk in general and of the IL23R R381Q variant in particular.	1
For the remaining markers, a susceptibility role was attributed also confirming that markers on CARD15 gene, in particular G908R and L1007fsinsC, are involved with @DISEASE$ to the same extent as @GENE$ and TNF-alpha-G308A.	1
Taken together, celecoxib is a good therapeutic candidate for treating @DISEASE$ through the suppression of cell proliferation and the induction of apoptosis in a @GENE$ independent manner.	0
Analysis yielded the following Yale-generated observations: (1) TAA is a genetic disease with a predominantly autosomal dominant mode of inheritance; (2) @GENE$ (MMP) enzymes are activated in the pathogenesis of TAA; (3) wall tension in TAA approaches the tensile limits of aortic tissue at a diameter of 6 cm; (4) by the time a TAA reaches a clinical diameter of 6 cm, 34 percent of affected patients have suffered dissection or rupture; (5) extreme physical exertion or severe emotion often precipitate acute dissection; and (6) single nucleotide polymorphisms (SNPs) and RNA expression profile changes are being identified that predispose a patient to @DISEASE$ and can serve as biomarkers for screening for this virulent disease.	1
Two hundred and twenty-three incident @DISEASE$ cases and 229 controls recruited from Saudi Arabian population were analyzed for 21 loci in 8 selected DNA repair genes by PCR-restriction fragment length polymorphism including non-homologous end joining pathway genes LIGIV (LIGlV ASP62HIS, PRO231SER, TRP46TER), XRCC4 Splice 33243301G>A and XRCC7 ILE3434THR; homologous recombination pathway genes XRCC3 ARG94HIS and THR241MET, RAD51 UTR 15452658T>C, 15455419A>G, RAD52 2259 and GLN221GLU, conserved DNA damage response gene Tp53 PRO47SER, PRO72ARG, Tp53 UTR 7178189A>C and base excision repair gene @GENE$ ARG194TRP, ARG280HIS, ARG399GLN, ARG559GLN.	1
In the case-control association analysis, the @GENE$ polymorphism at the promoter region (rs10399805; P = 0.0062) and the IVS7+82C/T polymorphism at intron 7 (rs2275353; P = 0.0056) of CHI3L1 showed a significant association with @DISEASE$.	1
For the remaining markers, a susceptibility role was attributed also confirming that markers on CARD15 gene, in particular @GENE$ and L1007fsinsC, are involved with @DISEASE$ to the same extent as FcGIIIA G559T and TNF-alpha-G308A.	1
This first replication study confirms the association of genetic variation in the upstream region of @GENE$ with susceptibility to @DISEASE$.	1
In the independent trio samples, @GENE$ and rs677221-G consistently showed significant under-transmission to @DISEASE$ offspring (unadjusted p = .003 and p = .004, respectively).	1
These results suggest that @GENE$ may be involved in genetic susceptibility to @DISEASE$.	1
On the other hand the frequency of IL-1alpha TT -889 genotype (p=0.028), IL-1R C pst1 1970 allele (p=0.0001) and CC genotype (p=0.00006), @GENE$ (p=0.0002) and GG genotype (p=0.000001) decreased significantly in the patients versus normal subjects.These results suggest that polymorphic variations of these pro-inflammatory cytokines may play an important role in susceptibility of Iranian @DISEASE$ patients.	1
The genetic contribution of @GENE$ gene to @DISEASE$ susceptibility was investigated using an integrated population genetic and molecular analysis.	1
Two hundred and twenty-three incident @DISEASE$ cases and 229 controls recruited from Saudi Arabian population were analyzed for 21 loci in 8 selected DNA repair genes by PCR-restriction fragment length polymorphism including non-homologous end joining pathway genes LIGIV (LIGlV ASP62HIS, PRO231SER, TRP46TER), XRCC4 Splice 33243301G>A and @GENE$ ILE3434THR; homologous recombination pathway genes XRCC3 ARG94HIS and THR241MET, RAD51 UTR 15452658T>C, 15455419A>G, RAD52 2259 and GLN221GLU, conserved DNA damage response gene Tp53 PRO47SER, PRO72ARG, Tp53 UTR 7178189A>C and base excision repair gene XRCC1 ARG194TRP, ARG280HIS, ARG399GLN, ARG559GLN.	1
@GENE$ mRNA was expressed in 100% of the controls and @DISEASE$.	1
Allelic composition at the examined SNPs in genes coding for @GENE$ and MMP-3 affect @DISEASE$ susceptibility and/or phenotype, i.e., fistulizing disease, stricture pathogenesis and first disease localisation.	1
Toll-like receptor-induced @GENE$ secretion is impaired in @DISEASE$ by nucleotide oligomerization domain 2-dependent and -independent pathways.	1
The C-allele of @GENE$ rs3020781 and the T-allele of NOS1AP rs7538490 are reported to strongly associate with @DISEASE$ in various European-descent populations comprising a total of 2,198 individuals with a combined odds ratio (OR) of 1.33 [1.16-1.54] and 1.53 [1.28-1.81], respectively.	1
An association with the minor allele A of the non-synonymous SNP rs2228570 (@GENE$, FokI, Met1Thr) was observed for @DISEASE$, with an estimated odds ratio (OR) of 1.26 (95% CI = 1.02-1.57; p = 0.036).	1
The @GENE$ gene at 7q22.1 has been shown to be associated with familial @DISEASE$ (IAs) in the Japanese population.	1
Individual @GENE$ SNPs, rs1048661, rs3825942, and rs2165241, were not associated with @DISEASE$ in the Chinese population.	0
@GENE$ contribute to the development of @DISEASE$ susceptibility in Middle Eastern population.	1
Lack of association between PKLR rs3020781 and @GENE$ and @DISEASE$, overweight, obesity and related metabolic phenotypes in a Danish large-scale study: case-control studies and analyses of quantitative traits.	1
Individual LOXL1 SNPs, @GENE$, rs3825942, and rs2165241, were not associated with @DISEASE$ in the Chinese population.	1
Additionally, the PKLR and the @GENE$ genotypes were demonstrated not to have a major influence on @DISEASE$.	1
Surprisingly, the @GENE$ allele is associated with a decreased incidence of @DISEASE$, suggesting that Mycobacterium leprae subverts the TLR system as a mechanism of immune evasion.	1
Vitamin D receptor (@GENE$) genotypes may influence cancer risk; however, no epidemiological studies in sporadic breast cancer (@DISEASE$) or malignant melanoma (MM) have been performed in a southern European population.	1
The K121Q polymorphism in the ectonucleotide pyrophosphatase/phosphodiesterase (ENPP)-1 gene and the @GENE$ genotype located near insulin-induced gene 2 have been shown to be associated with @DISEASE$ and obesity.	1
These observations suggest that @GENE$ makes a substantial contribution to @DISEASE$ susceptibility, larger than that estimated from the population frequency of the R381Q variant.	1
This study provides epidemiologic evidence that the @GENE$ genotype is not associated with @DISEASE$ in old age.	1
Ala394Thr polymorphism in the clock gene @GENE$: a circadian modifier for the risk of @DISEASE$.	1
Overall and relapse-free survival in @DISEASE$ and hypopharyngeal squamous cell carcinoma are associated with genotypes of @GENE$ gene.	1
On the other hand the frequency of @GENE$ genotype (p=0.028), IL-1R C pst1 1970 allele (p=0.0001) and CC genotype (p=0.00006), TNFalpha G -308 allele (p=0.0002) and GG genotype (p=0.000001) decreased significantly in the patients versus normal subjects.These results suggest that polymorphic variations of these pro-inflammatory cytokines may play an important role in susceptibility of Iranian @DISEASE$ patients.	0
Lack of association between PKLR rs3020781 and @GENE$ and type 2 diabetes, @DISEASE$, obesity and related metabolic phenotypes in a Danish large-scale study: case-control studies and analyses of quantitative traits.	0
Two hundred and twenty-three incident @DISEASE$ cases and 229 controls recruited from Saudi Arabian population were analyzed for 21 loci in 8 selected DNA repair genes by PCR-restriction fragment length polymorphism including non-homologous end joining pathway genes LIGIV (LIGlV ASP62HIS, PRO231SER, TRP46TER), XRCC4 Splice 33243301G>A and XRCC7 ILE3434THR; homologous recombination pathway genes XRCC3 ARG94HIS and THR241MET, RAD51 UTR 15452658T>C, 15455419A>G, RAD52 2259 and GLN221GLU, conserved DNA damage response gene Tp53 PRO47SER, PRO72ARG, Tp53 UTR 7178189A>C and base excision repair gene XRCC1 ARG194TRP, ARG280HIS, @GENE$, ARG559GLN.	0
This study examined whether the @GENE$ polymorphism in ENPP1 or the rs7566605 genotype is associated with the clinical course of @DISEASE$.	1
We genotyped the four single-nucleotide polymorphisms (rs706778, rs3118470, ss52580101, and @GENE$) of the IL2RA in 885 patients with @DISEASE$ and 606 control subjects of Japanese origin.	0
Cutting edge: A common polymorphism impairs cell surface trafficking and functional responses of @GENE$ but protects against @DISEASE$.	1
Two hundred and twenty-three incident @DISEASE$ cases and 229 controls recruited from Saudi Arabian population were analyzed for 21 loci in 8 selected DNA repair genes by PCR-restriction fragment length polymorphism including non-homologous end joining pathway genes LIGIV (LIGlV ASP62HIS, PRO231SER, TRP46TER), XRCC4 Splice 33243301G>A and XRCC7 ILE3434THR; homologous recombination pathway genes XRCC3 ARG94HIS and THR241MET, RAD51 UTR 15452658T>C, 15455419A>G, RAD52 2259 and GLN221GLU, conserved DNA damage response gene Tp53 PRO47SER, PRO72ARG, @GENE$ UTR 7178189A>C and base excision repair gene XRCC1 ARG194TRP, ARG280HIS, ARG399GLN, ARG559GLN.	1
We failed to provide evidence of an association between PKLR rs3020781 and @GENE$ and type 2 diabetes, @DISEASE$, obesity or related quantitative metabolic phenotypes in large-scale studies of Danes.	0
@GENE$ genotyping might make tailor chemotherapy possible for @DISEASE$ patients treated with oxaliplatin-based chemotherapy.	1
Lack of association between @GENE$ and NOS1AP rs7538490 and type 2 diabetes, overweight, @DISEASE$ and related metabolic phenotypes in a Danish large-scale study: case-control studies and analyses of quantitative traits.	0
Two hundred and twenty-three incident @DISEASE$ cases and 229 controls recruited from Saudi Arabian population were analyzed for 21 loci in 8 selected DNA repair genes by PCR-restriction fragment length polymorphism including non-homologous end joining pathway genes LIGIV (@GENE$, PRO231SER, TRP46TER), XRCC4 Splice 33243301G>A and XRCC7 ILE3434THR; homologous recombination pathway genes XRCC3 ARG94HIS and THR241MET, RAD51 UTR 15452658T>C, 15455419A>G, RAD52 2259 and GLN221GLU, conserved DNA damage response gene Tp53 PRO47SER, PRO72ARG, Tp53 UTR 7178189A>C and base excision repair gene XRCC1 ARG194TRP, ARG280HIS, ARG399GLN, ARG559GLN.	0
In this study, we examined the association between HCC and four selected tagging single nucleotide polymorphisms (SNPs) of CYP1A1, and the risk of @GENE$ haplotypes/diplotypes in 1006 pathologically confirmed @DISEASE$ patients and 1015 cancer-free controls, from a Han Chinese population.	0
Women carrying homozygous Asp1104Asp genotypes had a significantly decreased risk of cervical or @DISEASE$ compared to His1104Asp or @GENE$ genotypes.	0
The prognostic value of the @GENE$ SNP was evaluated in an unselected series of patients treated with curative intent for @DISEASE$ and hypopharyngeal squamous cell carcinomas, including all tumor stages with different therapeutic regimens.	0
We genotyped the four single-nucleotide polymorphisms (rs706778, @GENE$, ss52580101, and rs11594656) of the IL2RA in 885 patients with @DISEASE$ and 606 control subjects of Japanese origin.	0
Single nucleotide polymorphisms (SNPs) in the intracellular pattern recognition receptor nucleotide-binding oligomerization domain-containing protein (@GENE$, nucleotide oligomerization domain 2) are associated with @DISEASE$ (CD).	1
The implicated @GENE$ have not been associated with primary open-angle glaucoma (@DISEASE$).	0
However, the contribution of common genetic variants in @GENE$ to the @DISEASE$ risk in Chinese populations has not been thoroughly investigated.	1
The lysyl oxidase-like protein 1 (@GENE$) gene is strongly associated with @DISEASE$, which is very rare in the Chinese population.	1
Functional studies to unravel the biological significance of this region in regulating @GENE$ production is clearly indicated, which may lead to new strategies to modify the disease course of severe @DISEASE$.	0
The 5T5T genotype at @GENE$ SNP -1613 5T/6T increased the chance of stenotic complications in @DISEASE$ during follow-up (91.2% vs 71.8%, P = 0.022) but seemed to protect against colonic involvement of this disease at first endoscopic/radiologic examination (35.3% vs 59.5%, P = 0.017).	0
@GENE$ is a major enzyme in the bioactivation of exogenous procarcinogens of @DISEASE$ (HCC).	1
Fetal haemoglobin (@GENE$) level modifies the clinical severity of @DISEASE$.	1
An anti-inflammatory and anticarcinogenic potential has been inferred from the development of colitis and @DISEASE$ in GPx1 and @GENE$ double knockout mice.	1
In this study, the G2677T/A polymorphism observed in the @GENE$ gene was not found to be a risk factor for @DISEASE$ or ulcerative colitis.	0
Common variants in the @GENE$ region contribute to @DISEASE$ susceptibility.	1
To study the (functional) relevance of single nucleotide polymorphisms (SNPs) in genes encoding matrix metalloproteinases (MMP)-1, -2, -3, -9, @GENE$ (TIMP)-1, -2 and tumor necrosis factor (TNF)-alpha in the etiopathogenesis of inflammatory bowel diseases (@DISEASE$), that may enhance susceptibility and/or disease severity.	0
Especially, the SNP @GENE$ and its strongly associated SNPs (e.g., rs1784235) could be important to human @DISEASE$ phenotypes.	1
The @GENE$ in women and T in men at SNP +372 T/C was found to increase @DISEASE$ susceptibility (39% vs 23.8%, P = 0.018 and 67.9% vs 51.6%, P = 0.055, respectively), while women with this genotype were less prone to development of fistulae during follow-up (41.4% vs 68.3%, P = 0.025).	1
The synonymous variant @GENE$ (TaqI) appeared to be associated with protection from @DISEASE$ (OR = 0.80, 95%CI = 0.64-0.99; p = 0.047).	1
A recent study demonstrated the association of @GENE$ located in the upstream region with risk for or protection from @DISEASE$ (SLE).	1
@GENE$, IL-1R and TNFalpha gene polymorphisms in Iranian patients with @DISEASE$.	1
STEC strains carrying @GENE$ were more frequently associated with clinical manifestations of hemolytic-uremic syndrome (@DISEASE$) or bloody diarrhea than those carrying stx2vha.	1
Haplotypes combining promoter single-nucleotide polymorphisms also implicated a haplotype carrying the @GENE$ allele in @DISEASE$ susceptibility (odds ratio (OR)=1.40; P=0.01).	1
We failed to provide evidence of an association between @GENE$ and NOS1AP rs7538490 and type 2 diabetes, overweight, @DISEASE$ or related quantitative metabolic phenotypes in large-scale studies of Danes.	0
This study assessed associations between the @GENE$ gene and myocardial infarction (MI), using a haplotype-based case-control study of 234 @DISEASE$ patients and 248 controls genotyped for 5 single-nucleotide polymorphisms (rs3093105, rs3093135, rs1558139, rs2108622, rs3093200).	0
The interleukin-1 receptor antagonist (@GENE$) cytokine is thought to counteract @DISEASE$/metastasis.	1
Especially, the SNP rs491347 and its strongly associated SNPs (e.g., @GENE$) could be important to human @DISEASE$ phenotypes.	1
Therefore, the mutations of the @GENE$ gene are thought to be related with the pathogenesis of @DISEASE$.	1
The @GENE$, which is involved in the metabolism of vinblastine and doxorubicin, might be a genetic predictor of the severity of @DISEASE$ induced by chemotherapy with methotrexate, vinblastine, doxorubicin and cisplatin.	1
For the remaining markers, a susceptibility role was attributed also confirming that markers on CARD15 gene, in particular G908R and L1007fsinsC, are involved with @DISEASE$ to the same extent as FcGIIIA G559T and @GENE$.	1
Analysis yielded the following Yale-generated observations: (1) TAA is a genetic disease with a predominantly autosomal dominant mode of inheritance; (2) matrix metalloproteinase (@GENE$) enzymes are activated in the pathogenesis of TAA; (3) wall tension in TAA approaches the tensile limits of aortic tissue at a diameter of 6 cm; (4) by the time a TAA reaches a clinical diameter of 6 cm, 34 percent of affected patients have suffered dissection or rupture; (5) extreme physical exertion or severe emotion often precipitate acute dissection; and (6) single nucleotide polymorphisms (SNPs) and RNA expression profile changes are being identified that predispose a patient to @DISEASE$ and can serve as biomarkers for screening for this virulent disease.	1
Recently an association was shown between the single nucleotide polymorphism (SNP), @GENE$, within the interleukin-23 receptor (IL23R) locus and @DISEASE$ (CD) as a consequence of a genome-wide association study of this disease in adults.	1
Regulation of @GENE$ (HES-1) by estradiol and all-trans retinoic acid affects proliferation of human @DISEASE$ cells.	0
The @GENE$ polymorphism (Thr256Ser) is associated with reduced fetuin levels and accelerated @DISEASE$ in dialysis patients.	1
@GENE$ is a major enzyme in the bioactivation of exogenous procarcinogens of hepatocellular carcinoma (@DISEASE$).	1
Vitamin D receptor (@GENE$) genotypes may influence cancer risk; however, no epidemiological studies in @DISEASE$ (BC) or malignant melanoma (MM) have been performed in a southern European population.	1
Previous studies of the @DISEASE$ have shown that @GENE$ and Chemokine receptor genetic variants influence disease progression and early viral load.	1
In this study, the G2677T/A polymorphism observed in the @GENE$ gene was not found to be a risk factor for Crohn's disease or @DISEASE$.	0
Two hundred and twenty-three incident @DISEASE$ cases and 229 controls recruited from Saudi Arabian population were analyzed for 21 loci in 8 selected DNA repair genes by PCR-restriction fragment length polymorphism including non-homologous end joining pathway genes LIGIV (LIGlV ASP62HIS, PRO231SER, TRP46TER), XRCC4 Splice 33243301G>A and XRCC7 ILE3434THR; homologous recombination pathway genes XRCC3 ARG94HIS and THR241MET, RAD51 UTR 15452658T>C, 15455419A>G, RAD52 2259 and GLN221GLU, conserved DNA damage response gene Tp53 PRO47SER, PRO72ARG, Tp53 UTR 7178189A>C and base excision repair gene XRCC1 ARG194TRP, @GENE$, ARG399GLN, ARG559GLN.	0
Amyloid beta protein (@GENE$) levels are elevated in the brain of @DISEASE$ patients.	1
Although COX-2 is commonly overexpressed in a variety of premalignant and malignant conditions including @DISEASE$ and squamous cell carcinoma, relatively little research has compared the effects of various @GENE$ inhibitors (celecoxib, NS-398, nimesulide and meloxicam).	1
The @GENE$ polymorphism of COL1A2 could be a genetic risk factor for sporadic @DISEASE$ among individuals of Chinese Han ethnicity.	1
The low frequencies of the at-risk alleles at rs1048661 and @GENE$ may be one of the factors that led to the low prevalence of @DISEASE$ in the general populations of the Chinese.	1
The TIMP-1 genotype TT in women and T in men at @GENE$ was found to increase @DISEASE$ susceptibility (39% vs 23.8%, P = 0.018 and 67.9% vs 51.6%, P = 0.055, respectively), while women with this genotype were less prone to development of fistulae during follow-up (41.4% vs 68.3%, P = 0.025).	1
To study the (functional) relevance of single nucleotide polymorphisms (SNPs) in genes encoding matrix metalloproteinases (MMP)-1, -2, -3, -9, tissue inhibitors of metalloproteinases (TIMP)-1, -2 and tumor necrosis factor (@GENE$ in the etiopathogenesis of @DISEASE$ (IBD), that may enhance susceptibility and/or disease severity.	0
A haplotype of the @GENE$ gene associated with @DISEASE$ in Japanese men.	1
The commonly deleted region of the @DISEASE$ extends between the genes @GENE$ (proximal boundary) and GLRA1 (distal boundary) and measures 2.9 Mb.	1
The haplotypes constructed from the three SNPs (rs3840846, @GENE$ and rs3743500, in order) in the 5'-upstream of NPTN showed a significant association with schizophrenia (permutation P=0.036), in that T-G-T (permutation P=0.028) and del-G-G (permutation P=0.040) were under-represented and over-represented, respectively, in @DISEASE$.	1
The present study suggests that genetic variation in or near the @GENE$ gene is associated with both psychotic and manic disorders, including @DISEASE$ and bipolar disorder.	1
Vitamin D receptor (@GENE$) genotypes may influence cancer risk; however, no epidemiological studies in sporadic breast cancer (BC) or @DISEASE$ (MM) have been performed in a southern European population.	1
Our previous study demonstrated that expression of HCNPpp mRNA was decreased in the hippocampi of autopsied brains of Alzheimer's disease (AD) patients, indicating the association of @GENE$ with the pathogenesis of @DISEASE$.	1
The study investigated the possible association of @GENE$ gene and @DISEASE$ in a Han Chinese population.	1
Lack of association between @GENE$ and NOS1AP rs7538490 and type 2 diabetes, @DISEASE$, obesity and related metabolic phenotypes in a Danish large-scale study: case-control studies and analyses of quantitative traits.	0
A recent study showed that LPA-mediated proliferation of @DISEASE$ cells requires activation of @GENE$.	1
In all, 763 @DISEASE$ subjects and 254 controls were genotyped for single nucleotide polymorphisms in the @GENE$ gene using Illumina and ABI methods.	0
For the remaining markers, a susceptibility role was attributed also confirming that markers on @GENE$ gene, in particular G908R and L1007fsinsC, are involved with @DISEASE$ to the same extent as FcGIIIA G559T and TNF-alpha-G308A.	0
Recently, mutations have been identified in the @GENE$ gene in Caucasian families with @DISEASE$.	0
However, @GENE$ was only expressed in 55% of patients with @DISEASE$.	1
On the other hand, AA genome and A allele polymorphism in the @GENE$ gene nucleotide pair G-A 61 is a significant risk factor for @DISEASE$.	1
The low frequencies of the at-risk alleles at @GENE$ and rs2165241 may be one of the factors that led to the low prevalence of @DISEASE$ in the general populations of the Chinese.	1
For the remaining markers, a susceptibility role was attributed also confirming that markers on CARD15 gene, in particular G908R and @GENE$, are involved with @DISEASE$ to the same extent as FcGIIIA G559T and TNF-alpha-G308A.	1
The HBS1L-MYB intergenic region on chromosome 6q23 is a quantitative trait locus controlling @GENE$ level in carriers of @DISEASE$.	0
In the haplotype-transmission disequilibrium test (TDT) for allelic combination of rs1937970-rs677221, significant under-transmission for haplotype AG (uncorrected p = .006) and over-transmission for @GENE$ (uncorrected p = .004) to the affected @DISEASE$ offspring were observed.	1
@GENE$ polymorphism in the clock gene NPAS2: a circadian modifier for the risk of @DISEASE$.	0
In humans, loss-of-function of the cilia-centrosomal protein @GENE$ is associated with Joubert and @DISEASE$, whereas hypomorphic mutations result in Leber congenital amaurosis (LCA), a form of early-onset retinal dystrophy.	1
No significant associations were observed for @DISEASE$ (rs3020781: pAF = 0.49, OR = 1.02 [0.96-1.10]; @GENE$: pAF = 0.84, OR = 0.99 [0.93-1.06]).	1
Failure of medical and surgical therapy in @DISEASE$ is associated with significantly decreased expression of @GENE$.	1
The @GENE$ variant of ENPP1 may be associated with @DISEASE$ viremia and core antigen levels in HCV carriers.	0
